(Do Not Modify) Contact,(Do Not Modify) Row Checksum,(Do Not Modify) Modified On, Full Name,First Name,Last Name,Email,Company Name,Business Phone,Address 1: City
80ac35a0-01af-ea11-a812-000d3a8b3ec6,IKWt//F9xpyPPYETYK4SQMDPC2tGyI0yxEOON3wSWwEwPRFaGioRcoMLpDTJmiX3NwXkOwOd8ONM1KjcmCpnVw==,12/23/2024 10:28,Alex 0,Alex,0,alex@treyresearch.net,Trey Research,619-555-0127,San Francisco
79ae8582-84bb-ea11-a812-000d3a8b3ec6,HybQdFTvpOe004ipu36BmsOE+NPyJzdfQVf9kn3fPzUp7u0PxqeYlbvqVxOpfMsQPzXGVVmDfLjMr68jbH2HyA==,12/30/2024 8:07,Averyll 44,Averyll,44,avery@treyresearch.net,Trey Research,567-555-0137,Dallas
d1bf9a01-b056-e711-abaa-00155d701c02,SLDhha6F1O0hGVKo1yXKVr01Dnq6GX/nFLJ5neEUvrn5CD+qALx9NFonBN8xXz3d/KymNin7Ie6fY44rEdJbAA==,12/13/2024 14:17,Cacilia Viera,Cacilia,Viera,cacilia@alpineskihouse.com,Alpine Ski House,281-555-0162,Dallas
ae7fbbb6-ffae-ea11-a812-000d3a8b3ec6,uoUAQRChS6j5XE28cuJnc3BIf+STQ9VErAG/oduBtQMfCMm4wqE7IhQ7+ueFdn2pCV9qsW4df65Ioz/C2cQcVA==,12/13/2024 14:17,Carla Yates,Carla,Yates,carla@treyresearch.net,Trey Research,456-555-0156,North Dartmouth
9fd4a450-cb0c-ea11-a813-000d3a1b1223,F+VXKzSRBw5DhRQ1hFDl/DcEBL/MEzpG8vf+eKYFKL6uk0xJr2XPoDUB/Q3V2C350A9t6lXhfYn1Q1TefpmVlg==,12/13/2024 14:17,Dwayne Elijah,Dwayne,Elijah,dwayne@alpineskihouse.com,Alpine Ski House,281-555-0160,Dallas
cdd6a450-cb0c-ea11-a813-000d3a1b1223,rLRxWaHxa4tAnEfXZPy1/XhoZ4aHaPHY+pFSUVwK2fDfiDRXcd4Un+0rvYnH1xTUtYf3vbulMIMX0OU4BlHJsg==,12/13/2024 14:17,Haroun Stormonth,Haroun,Stormonth,haroun@fabrikaminc.com,"Fabrikam, Inc.",423-555-0122,Lynnwood
cdcfa450-cb0c-ea11-a813-000d3a1b1223,y8E4Sc64z1u1lJqstIaGXG9xd9Oxaj1EW19F2RG/OyOx12Qc8RB+ULPyILi58ENY5F7FqBGJQMC6Rx/yvKl4tg==,12/13/2024 14:17,Heriberto Nathan,Heriberto,Nathan,heriberto@northwindtraders.com,Northwind Traders,614-555-0123,Huntington
678c7b32-3f72-ea11-a811-000d3a1b1f2c,CTCKKPa1LpD2KvivT8Iyl7IVMFWJFMKTXRWRgDHpnLwsxrO6FxEs3KIWymyZSNdM8pt2/zKBr8r7OEh68F7GuA==,12/13/2024 14:17,Kevin Martin,Kevin,Martin,kevin@adatum.com,A. Datum Corporation,425-555-0160,Redmond
405996ad-84bb-ea11-a812-000d3a8b3ec6,RllFYeXmQswATxKeRuh1oBcNkIRh/EvLhzGFNGk4LZlb+8xYgiVsVb5CTNv+xb6Lwf/obbAvjqupJwNUhDM/Qw==,12/13/2024 14:17,Kim Rocha,Kim,Rocha,kim@treyresearch.net,Trey Research,567-555-0157,Dallas
075de5a8-56d0-ea11-a812-000d3a1bbd52,1feQsphbx5awn+h4pSuRvUiY1eLwm4pSraO92FxqW7IimaLuvId4dlivxtSjmDCy9yL9bQu1fXkYFiElwYDh/A==,12/13/2024 14:17,Miguel Garcia,Miguel,Garcia,miguel@northwindtraders.com,Northwind Traders,614-555-0127,Columbus
94678ac1-05c4-ef11-a72e-0022488c1657,0SJgKtOvfoZ8ekauXYE4ekjROCN+rtH/m62ZA03kyTOJSXl2Z6CuchB1CP/BwG2pFOuQ69B26TtY/V9mL4BzRA==,12/27/2024 3:50,shahzaib zaib,shahzaib,zaib,shahzaib.safdar@gmail.com,,,
cec96d0b-abbb-ef11-b8e9-000d3a470111,g4/fWYBMFLv/OjGXKyQDn4MYwgjciLIdjv22tc8MrN2k+paoYVU+QygCNgNKj3/Qnn9v4HeKgA9XdRrMFovJgw==,12/16/2024 12:41,test,,test,,,,
be755968-65a5-ea11-a812-000d3a8b3ec6,x2s7TpEQECZcuzrJ8Nw4YqUeLgjbqSlRgYI++IGIKWc9CoyaA6b+A+jLcInE7xDCIWm35X5rqtMGNL3SzURIHA==,12/13/2024 14:17,Zolt n Szab ,Zolt n,Szab ,zoltan@fabrikaminc.com,"Fabrikam, Inc.",423-555-0120,Lynnwood
